epoch,elapsed_time,train_acc,val_acc
1,4.294146299362183,0.7043859649122806,0.34782608695652173
