epoch,elapsed_time,train_loss,val_loss
1,4.294146299362183,1.0383391389296504,3.2534430198290427
